content,answer
비트,코인
방방,곡곡
도원,결의
스파,게티
대한,민국
누네,띠네
어장,관리
버터,구이
업데,이트
카페,베네
붉은,노을
소녀,시대
스타,워즈
백설,공주
요구,르트
오토,바이
파인,애플
스타,필드
스타,벅스
사자,성어
비밀,번호
계좌,번호
우리,나라
생년,월일
고객,센터
알레,르기
현장,학습
뭉게,구름
호랑,나비
종이,접기
주의,사항
탄수,화물
삼각,김밥
비트,박스
소녀,시대
미끄,럼틀
원두,커피
하모,니카
신용,카드
타임,오버
하드,캐리
아카,시아
샌드,위치
롯데,리아
와이,파이
플라,스틱
맘스,터치
텔레,비전
물은,셀프
허리,케인
스테,이크
연지,곤지
카페,라떼
업데,이트
인어,공주
마요,네즈
스마,트폰
다이,어트
아이,패드
김치,찌개
오버,워치
오토,바이
파인,애플
사자,성어
비밀,번호
계좌,번호
우리,나라
생년,월일
고객,센터
알레,르기
현장,학습
뭉게,구름
호랑,나비
종이,접기
뉴발,란스
인생,네컷
도시,어부
브로,콜리
비타,오백
낄끼,빠빠
겨울,왕국
국민,청원
어린,왕자
안전,제일
바른,생활
고슴,도치
제품,설명
총각,김치
두루,치기
후라,이팬
카놀,라유
영웅,호걸
어벤,져스
모래,시계
비트,코인
방방,곡곡
도원,결의
스파,게티
대한,민국
누네,띠네
